2020 NFL Week 1 Odds,,,,,
Latest OddsOdds History,,,,,
,,,,,
Division:                      ,,,,,
,,,,,
Team:                                                                                                                                                   ,,,,,
,,,,,
,,,,,
"Thursday, September 10th, 2020",,,,,
,,,,,
8:20 PM EST,Score,Spread,Total,Money Line,
Houston,20,9.5,53.5,350,
Kansas City,34,-9.5,over,-430,
Full betting preview »,,,,,
,,,,,
"Sunday, September 13th, 2020",,,,,
,,,,,
1:00 PM EST,Score,Spread,Total,Money Line,
Chicago,27,2.5,42.5,110,
Detroit,23,-2.5,over,-130,
Full betting preview »,,,,,
,,,,,
1:00 PM EST,Score,Spread,Total,Money Line,
Cleveland,6,7,47,265,
Baltimore,38,-7,under,-315,
Full betting preview »,,,,,
,,,,,
1:00 PM EST,Score,Spread,Total,Money Line,
Philadelphia,17,-5.5,41.5,-225,
Washington,27,5.5,over,195,
Full betting preview »,,,,,
,,,,,
1:00 PM EST,Score,Spread,Total,Money Line,
Green Bay,43,1,44,100,
Minnesota,34,-1,over,-120,
Full betting preview »,,,,,
,,,,,
1:00 PM EST,Score,Spread,Total,Money Line,
Indianapolis,20,-7,44,-315,
Jacksonville,27,7,over,265,
Full betting preview »,,,,,
,,,,,
1:00 PM EST,Score,Spread,Total,Money Line,
Las Vegas,34,-3,48,-145,
Carolina,30,3,over,125,
Full betting preview »,,,,,
,,,,,
1:00 PM EST,Score,Spread,Total,Money Line,
Miami,11,7.5,41.5,275,
New England,21,-7.5,under,-330,
Full betting preview »,,,,,
,,,,,
1:00 PM EST,Score,Spread,Total,Money Line,
NY Jets,17,6.5,39.5,240,
Buffalo,27,-6.5,over,-285,
Full betting preview »,,,,,
,,,,,
1:01 PM EST,Score,Spread,Total,Money Line,
Seattle,38,1,49.5,-105,
Atlanta,25,-1,over,-115,
Full betting preview »,,,,,
,,,,,
4:05 PM EST,Score,Spread,Total,Money Line,
LA Chargers,16,-2.5,41.5,-135,
Cincinnati,13,2.5,under,115,
Full betting preview »,,,,,
,,,,,
4:25 PM EST,Score,Spread,Total,Money Line,
Tampa Bay,23,4,48.5,175,
New Orleans,34,-4,over,-205,
Full betting preview »,,,,,
,,,,,
4:25 PM EST,Score,Spread,Total,Money Line,
Arizona,24,7,48.5,255,
San Francisco,20,-7,under,-305,
Full betting preview »,,,,,
,,,,,
8:20 PM EST,Score,Spread,Total,Money Line,
Dallas,17,1,52,-116,
LA Rams,20,-1,under,-104,
Full betting preview »,,,,,
,,,,,
"Monday, September 14th, 2020",,,,,
,,,,,
7:10 PM EST,Score,Spread,Total,Money Line,
Pittsburgh,26,-6,44,-252,
NY Giants,16,6,under,212,
Full betting preview »,,,,,
,,,,,
10:20 PM EST,Score,Spread,Total,Money Line,
Tennessee,16,-3.5,41.5,-180,
Denver,14,3.5,under,160,
Full betting preview »,,,,,
,,,,,
2020 NFL Week 2 Odds,,,,,
Latest OddsOdds History,,,,,
,,,,,
Division:                      ,,,,,
,,,,,
Team:                                                                                                                                                   ,,,,,
,,,,,
,,,,,
"Thursday, September 17th, 2020",,,,,
,,,,,
8:20 PM EST,Score,Spread,Total,Money Line,
Cincinnati,30,6,44.5,200,
Cleveland,35,-6,over,-240,
Full betting preview »,,,,,
,,,,,
"Sunday, September 20th, 2020",,,,,
,,,,,
1:00 PM EST,Score,Spread,Total,Money Line,
NY Giants,13,4.5,42.5,190,
Chicago,17,-4.5,under,-220,
Full betting preview »,,,,,
,,,,,
1:00 PM EST,Score,Spread,Total,Money Line,
Buffalo,31,-5.5,42.5,-245,
Miami,28,5.5,over,205,
Full betting preview »,,,,,
,,,,,
1:00 PM EST,Score,Spread,Total,Money Line,
Minnesota,11,3.5,49,156,
Indianapolis,28,-3.5,under,-176,
Full betting preview »,,,,,
,,,,,
1:00 PM EST,Score,Spread,Total,Money Line,
Atlanta,39,3,53,125,
Dallas,40,-3,over,-145,
Full betting preview »,,,,,
,,,,,
1:00 PM EST,Score,Spread,Total,Money Line,
LA Rams,37,2,46,110,
Philadelphia,19,-2,over,-130,
Full betting preview »,,,,,
,,,,,
1:00 PM EST,Score,Spread,Total,Money Line,
Carolina,17,7.5,47,280,
Tampa Bay,31,-7.5,over,-350,
Full betting preview »,,,,,
,,,,,
1:00 PM EST,Score,Spread,Total,Money Line,
Denver,21,6,41,235,
Pittsburgh,26,-6,over,-280,
Full betting preview »,,,,,
,,,,,
1:00 PM EST,Score,Spread,Total,Money Line,
Detroit,21,7,51,235,
Green Bay,42,-7,over,-280,
Full betting preview »,,,,,
,,,,,
1:00 PM EST,Score,Spread,Total,Money Line,
Jacksonville,30,7,44.5,250,
Tennessee,33,-7,over,-300,
Full betting preview »,,,,,
,,,,,
1:02 PM EST,Score,Spread,Total,Money Line,
San Francisco,31,-7,41.5,-305,
NY Jets,13,7,over,255,
Full betting preview »,,,,,
,,,,,
4:05 PM EST,Score,Spread,Total,Money Line,
Washington,15,7.5,46.5,269,
Arizona,30,-7.5,under,-319,
Full betting preview »,,,,,
,,,,,
4:25 PM EST,Score,Spread,Total,Money Line,
Kansas City,23,-8.5,47,-415,
LA Chargers,20,8.5,under,335,
Full betting preview »,,,,,
,,,,,
4:25 PM EST,Score,Spread,Total,Money Line,
Baltimore,33,-7.5,49.5,-330,
Houston,16,7.5,under,275,
Full betting preview »,,,,,
,,,,,
8:20 PM EST,Score,Spread,Total,Money Line,
New England,30,4,45,176,
Seattle,35,-4,over,-210,
Full betting preview »,,,,,
,,,,,
"Monday, September 21st, 2020",,,,,
,,,,,
8:15 PM EST,Score,Spread,Total,Money Line,
New Orleans,24,-4,47.5,-205,
Las Vegas,34,4,over,175,
Full betting preview »,,,,,
,,,,,
,,,,,
2020 NFL Week 3 Odds,,,,,
Latest OddsOdds History,,,,,
,,,,,
Division:                      ,,,,,
,,,,,
Team:                                                                                                                                                   ,,,,,
,,,,,
,,,,,
"Thursday, September 24th, 2020",,,,,
,,,,,
8:20 PM EST,Score,Spread,Total,Money Line,
Miami,31,2.5,49.5,120,
Jacksonville,13,-2.5,under,-140,
Full betting preview »,,,,,
,,,,,
"Sunday, September 27th, 2020",,,,,
,,,,,
1:00 PM EST,Score,Spread,Total,Money Line,
Las Vegas,20,7,47,280,
New England,36,-7,over,-350,
Full betting preview »,,,,,
,,,,,
1:00 PM EST,Score,Spread,Total,Money Line,
San Francisco,36,-3,44,-159,
NY Giants,9,3,over,139,
Full betting preview »,,,,,
,,,,,
1:00 PM EST,Score,Spread,Total,Money Line,
Houston,21,3.5,46.5,173,
Pittsburgh,28,-3.5,over,-198,
Full betting preview »,,,,,
,,,,,
1:00 PM EST,Score,Spread,Total,Money Line,
Tennessee,31,-3,49.5,-148,
Minnesota,30,3,over,128,
Full betting preview »,,,,,
,,,,,
1:00 PM EST,Score,Spread,Total,Money Line,
LA Rams,32,1.5,46.5,108,
Buffalo,35,-1.5,over,-128,
Full betting preview »,,,,,
,,,,,
1:00 PM EST,Score,Spread,Total,Money Line,
Washington,20,7.5,45,275,
Cleveland,34,-7.5,over,-330,
Full betting preview »,,,,,
,,,,,
1:00 PM EST,Score,Spread,Total,Money Line,
Chicago,30,2.5,46,115,
Atlanta,26,-2.5,over,-135,
Full betting preview »,,,,,
,,,,,
1:00 PM EST,Score,Spread,Total,Money Line,
Cincinnati,23,5.5,46.5,199,
Philadelphia,23,-5.5,under,-229,
Full betting preview »,,,,,
,,,,,
4:05 PM EST,Score,Spread,Total,Money Line,
Carolina,21,6,43.5,225,
LA Chargers,16,-6,under,-265,
Full betting preview »,,,,,
,,,,,
4:05 PM EST,Score,Spread,Total,Money Line,
NY Jets,7,12.5,44,470,
Indianapolis,36,-12.5,under,-610,
Full betting preview »,,,,,
,,,,,
4:25 PM EST,Score,Spread,Total,Money Line,
Detroit,26,4.5,55.5,190,
Arizona,23,-4.5,under,-220,
Full betting preview »,,,,,
,,,,,
4:25 PM EST,Score,Spread,Total,Money Line,
Tampa Bay,28,-6,42.5,-275,
Denver,10,6,under,230,
Full betting preview »,,,,,
,,,,,
4:25 PM EST,Score,Spread,Total,Money Line,
Dallas,31,5.5,58,198,
Seattle,38,-5.5,over,-240,
Full betting preview »,,,,,
,,,,,
8:20 PM EST,Score,Spread,Total,Money Line,
Green Bay,37,3.5,52,145,
New Orleans,30,-3.5,over,-165,
Full betting preview »,,,,,
,,,,,
"Monday, September 28th, 2020",,,,,
,,,,,
8:15 PM EST,Score,Spread,Total,Money Line,
Kansas City,34,3.5,55,151,
Baltimore,20,-3.5,under,-171,
,,,,,
,,,,,
2020 NFL Week 4 Odds,,,,,
Latest OddsOdds History,,,,,
,,,,,
Division:                      ,,,,,
,,,,,
Team:                                                                                                                                                   ,,,,,
,,,,,
,,,,,
"Thursday, October 1st, 2020",,,,,
,,,,,
8:20 PM EST,Score,Spread,Total,Money Line,
Denver,37,1,41,-101,
NY Jets,28,-1,over,-119,
Full betting preview »,,,,,
,,,,,
"Sunday, October 4th, 2020",,,,,
,,,,,
1:00 PM EST,Score,Spread,Total,Money Line,
Cleveland,49,3.5,56.5,155,
Dallas,38,-3.5,over,-175,
Full betting preview »,,,,,
,,,,,
1:00 PM EST,Score,Spread,Total,Money Line,
Jacksonville,25,1,50,100,
Cincinnati,33,-1,over,-120,
Full betting preview »,,,,,
,,,,,
1:00 PM EST,Score,Spread,Total,Money Line,
New Orleans,35,-3,51.5,-152,
Detroit,29,3,over,132,
Full betting preview »,,,,,
,,,,,
1:00 PM EST,Score,Spread,Total,Money Line,
LA Chargers,31,7.5,42.5,290,
Tampa Bay,38,-7.5,over,-360,
Full betting preview »,,,,,
,,,,,
1:00 PM EST,Score,Spread,Total,Money Line,
Seattle,31,-4.5,55,-215,
Miami,23,4.5,under,185,
Full betting preview »,,,,,
,,,,,
1:00 PM EST,Score,Spread,Total,Money Line,
Baltimore,31,-14.5,45,-955,
Washington,17,14.5,over,675,
Full betting preview »,,,,,
,,,,,
1:00 PM EST,Score,Spread,Total,Money Line,
Arizona,21,-3,52.5,-160,
Carolina,31,3,under,140,
Full betting preview »,,,,,
,,,,,
1:00 PM EST,Score,Spread,Total,Money Line,
Minnesota,31,3.5,52.5,150,
Houston,23,-3.5,over,-170,
Full betting preview »,,,,,
,,,,,
4:05 PM EST,Score,Spread,Total,Money Line,
NY Giants,9,13.5,50,640,
LA Rams,17,-13.5,under,-900,
Full betting preview »,,,,,
,,,,,
4:25 PM EST,Score,Spread,Total,Money Line,
Buffalo,30,-3,53,-175,
Las Vegas,23,3,push,155,
Full betting preview »,,,,,
,,,,,
4:25 PM EST,Score,Spread,Total,Money Line,
Indianapolis,19,-3.5,43.5,-175,
Chicago,11,3.5,under,155,
Full betting preview »,,,,,
,,,,,
8:20 PM EST,Score,Spread,Total,Money Line,
Philadelphia,25,8.5,45.5,285,
San Francisco,20,-8.5,under,-340,
Full betting preview »,,,,,
,,,,,
"Monday, October 5th, 2020",,,,,
,,,,,
7:05 PM EST,Score,Spread,Total,Money Line,
New England,10,11,48.5,520,
Kansas City,26,-11,under,-700,
Full betting preview »,,,,,
,,,,,
9:00 PM EST,Score,Spread,Total,Money Line,
Atlanta,16,5,56.5,192,
Green Bay,30,-5,under,-222,
Full betting preview »,,,,,
,,,,,
,,,,,
2020 NFL Week 5 Odds,,,,,
Latest OddsOdds History,,,,,
,,,,,
Division:                      ,,,,,
,,,,,
Team:                                                                                                                                                   ,,,,,
,,,,,
,,,,,
"Thursday, October 8th, 2020",,,,,
,,,,,
8:20 PM EST,Score,Spread,Total,Money Line,
Tampa Bay,19,-3.5,44,-210,
Chicago,20,3.5,under,180,
Full betting preview »,,,,,
,,,,,
"Sunday, October 11th, 2020",,,,,
,,,,,
1:00 PM EST,Score,Spread,Total,Money Line,
Las Vegas,40,11,54.5,425,
Kansas City,32,-11,over,-530,
Full betting preview »,,,,,
,,,,,
1:00 PM EST,Score,Spread,Total,Money Line,
Cincinnati,3,12.5,49,520,
Baltimore,27,-12.5,under,-700,
Full betting preview »,,,,,
,,,,,
1:00 PM EST,Score,Spread,Total,Money Line,
Arizona,30,-7,48.5,-315,
NY Jets,10,7,under,265,
Full betting preview »,,,,,
,,,,,
1:00 PM EST,Score,Spread,Total,Money Line,
Carolina,23,2.5,53.5,130,
Atlanta,16,-2.5,under,-150,
Full betting preview »,,,,,
,,,,,
1:00 PM EST,Score,Spread,Total,Money Line,
Jacksonville,14,6.5,55,240,
Houston,30,-6.5,under,-285,
Full betting preview »,,,,,
,,,,,
1:00 PM EST,Score,Spread,Total,Money Line,
LA Rams,30,-7,45,-360,
Washington,10,7,under,290,
Full betting preview »,,,,,
,,,,,
1:02 PM EST,Score,Spread,Total,Money Line,
Philadelphia,29,7.5,44,300,
Pittsburgh,38,-7.5,over,-370,
Full betting preview »,,,,,
,,,,,
4:05 PM EST,Score,Spread,Total,Money Line,
Miami,43,8.5,50.5,315,
San Francisco,17,-8.5,over,-385,
Full betting preview »,,,,,
,,,,,
4:25 PM EST,Score,Spread,Total,Money Line,
NY Giants,34,7.5,52,350,
Dallas,37,-7.5,over,-430,
Full betting preview »,,,,,
,,,,,
4:25 PM EST,Score,Spread,Total,Money Line,
Indianapolis,23,1,48.5,102,
Cleveland,32,-1,over,-122,
Full betting preview »,,,,,
,,,,,
8:20 PM EST,Score,Spread,Total,Money Line,
Minnesota,26,6.5,54,250,
Seattle,27,-6.5,under,-300,
Full betting preview »,,,,,
,,,,,
"Monday, October 12th, 2020",,,,,
,,,,,
8:15 PM EST,Score,Spread,Total,Money Line,
LA Chargers,27,7,49.5,275,
New Orleans,30,-7,over,-330,
Full betting preview »,,,,,
,,,,,
"Tuesday, October 13th, 2020",,,,,
,,,,,
7:00 PM EST,Score,Spread,Total,Money Line,
Buffalo,16,-3,52,-165,
Tennessee,42,3,over,145,
Full betting preview »,,,,,
,,,,,
,,,,,
2020 NFL Week 6 Odds,,,,,
Latest OddsOdds History,,,,,
,,,,,
Division:                      ,,,,,
,,,,,
Team:                                                                                                                                                   ,,,,,
,,,,,
,,,,,
"Sunday, October 18th, 2020",,,,,
,,,,,
1:00 PM EST,Score,Spread,Total,Money Line,
Cincinnati,27,7.5,46,280,
Indianapolis,31,-7.5,over,-350,
Full betting preview »,,,,,
,,,,,
1:00 PM EST,Score,Spread,Total,Money Line,
Cleveland,7,3,50,135,
Pittsburgh,38,-3,under,-155,
Full betting preview »,,,,,
,,,,,
1:00 PM EST,Score,Spread,Total,Money Line,
Houston,36,4,52,170,
Tennessee,42,-4,over,-195,
Full betting preview »,,,,,
,,,,,
1:00 PM EST,Score,Spread,Total,Money Line,
Detroit,34,-3,52.5,-155,
Jacksonville,16,3,under,135,
Full betting preview »,,,,,
,,,,,
1:00 PM EST,Score,Spread,Total,Money Line,
Baltimore,30,-10.5,46.5,-425,
Philadelphia,28,10.5,over,345,
Full betting preview »,,,,,
,,,,,
1:00 PM EST,Score,Spread,Total,Money Line,
Washington,19,2,42.5,110,
NY Giants,20,-2,under,-130,
Full betting preview »,,,,,
,,,,,
1:00 PM EST,Score,Spread,Total,Money Line,
Chicago,23,2,45,107,
Carolina,16,-2,under,-127,
Full betting preview »,,,,,
,,,,,
1:00 PM EST,Score,Spread,Total,Money Line,
Denver,18,7,43.5,270,
New England,12,-7,under,-325,
Full betting preview »,,,,,
,,,,,
1:00 PM EST,Score,Spread,Total,Money Line,
Atlanta,40,3.5,53.5,163,
Minnesota,23,-3.5,over,-183,
Full betting preview »,,,,,
,,,,,
4:05 PM EST,Score,Spread,Total,Money Line,
NY Jets,0,10,46,300,
Miami,24,-10,under,-370,
Full betting preview »,,,,,
,,,,,
4:25 PM EST,Score,Spread,Total,Money Line,
Green Bay,10,-3,55,-150,
Tampa Bay,38,3,under,130,
Full betting preview »,,,,,
,,,,,
8:20 PM EST,Score,Spread,Total,Money Line,
LA Rams,16,-2,51,-130,
San Francisco,24,2,under,110,
Full betting preview »,,,,,
,,,,,
"Monday, October 19th, 2020",,,,,
,,,,,
5:00 PM EST,Score,Spread,Total,Money Line,
Kansas City,26,-5.5,55,-245,
Buffalo,17,5.5,under,205,
Full betting preview »,,,,,
,,,,,
8:15 PM EST,Score,Spread,Total,Money Line,
Arizona,38,1,55.5,-105,
Dallas,10,-1,under,-115,
Full betting preview »,,,,,
,,,,,
,,,,,
2020 NFL Week 7 Odds,,,,,
Latest OddsOdds History,,,,,
,,,,,
Division:                      ,,,,,
,,,,,
Team:                                                                                                                                                   ,,,,,
,,,,,
,,,,,
"Thursday, October 22nd, 2020",,,,,
,,,,,
8:20 PM EST,Score,Spread,Total,Money Line,
NY Giants,21,5,44.5,205,
Philadelphia,22,-5,under,-245,
Full betting preview »,,,,,
,,,,,
"Sunday, October 25th, 2020",,,,,
,,,,,
1:00 PM EST,Score,Spread,Total,Money Line,
Pittsburgh,27,1,51,-104,
Tennessee,24,-1,push,-116,
Full betting preview »,,,,,
,,,,,
1:00 PM EST,Score,Spread,Total,Money Line,
Dallas,3,-1,44.5,-113,
Washington,25,1,under,-107,
Full betting preview »,,,,,
,,,,,
1:00 PM EST,Score,Spread,Total,Money Line,
Detroit,23,1,54,-105,
Atlanta,22,-1,under,-115,
Full betting preview »,,,,,
,,,,,
1:00 PM EST,Score,Spread,Total,Money Line,
Green Bay,35,-2.5,55.5,-150,
Houston,20,2.5,under,130,
Full betting preview »,,,,,
,,,,,
1:00 PM EST,Score,Spread,Total,Money Line,
Carolina,24,7,49.5,280,
New Orleans,27,-7,over,-350,
Full betting preview »,,,,,
,,,,,
1:00 PM EST,Score,Spread,Total,Money Line,
Buffalo,18,-9.5,47,-420,
NY Jets,10,9.5,under,340,
Full betting preview »,,,,,
,,,,,
1:00 PM EST,Score,Spread,Total,Money Line,
Cleveland,37,-4.5,50,-215,
Cincinnati,34,4.5,over,185,
Full betting preview »,,,,,
,,,,,
4:05 PM EST,Score,Spread,Total,Money Line,
Tampa Bay,45,-3.5,51.5,-193,
Las Vegas,20,3.5,over,168,
Full betting preview »,,,,,
,,,,,
4:25 PM EST,Score,Spread,Total,Money Line,
Kansas City,43,-7,46,-330,
Denver,16,7,over,275,
Full betting preview »,,,,,
,,,,,
4:25 PM EST,Score,Spread,Total,Money Line,
San Francisco,33,3,44,141,
New England,6,-3,under,-161,
Full betting preview »,,,,,
,,,,,
4:25 PM EST,Score,Spread,Total,Money Line,
Jacksonville,29,8,48,300,
LA Chargers,39,-8,over,-370,
Full betting preview »,,,,,
,,,,,
8:20 PM EST,Score,Spread,Total,Money Line,
Seattle,34,-3.5,55.5,-192,
Arizona,37,3.5,over,167,
Full betting preview »,,,,,
,,,,,
"Monday, October 26th, 2020",,,,,
,,,,,
8:15 PM EST,Score,Spread,Total,Money Line,
Chicago,10,6.5,44,240,
LA Rams,24,-6.5,under,-285,
Full betting preview »,,,,,
,,,,,
,,,,,
2020 NFL Week 8 Odds,,,,,
Latest OddsOdds History,,,,,
,,,,,
Division:                      ,,,,,
,,,,,
Team:                                                                                                                                                   ,,,,,
,,,,,
,,,,,
"Thursday, October 29th, 2020",,,,,
,,,,,
8:20 PM EST,Score,Spread,Total,Money Line,
Atlanta,25,1.5,52,-102,
Carolina,17,-1.5,under,-118,
Full betting preview »,,,,,
,,,,,
"Sunday, November 1st, 2020",,,,,
,,,,,
1:00 PM EST,Score,Spread,Total,Money Line,
NY Jets,9,20,49,1500,
Kansas City,35,-20,under,-5000,
Full betting preview »,,,,,
,,,,,
1:00 PM EST,Score,Spread,Total,Money Line,
Las Vegas,16,1,48,103,
Cleveland,6,-1,under,-123,
Full betting preview »,,,,,
,,,,,
1:00 PM EST,Score,Spread,Total,Money Line,
Pittsburgh,28,4,44,175,
Baltimore,24,-4,over,-205,
Full betting preview »,,,,,
,,,,,
1:00 PM EST,Score,Spread,Total,Money Line,
Indianapolis,41,-3.5,49,-180,
Detroit,21,3.5,over,160,
Full betting preview »,,,,,
,,,,,
1:00 PM EST,Score,Spread,Total,Money Line,
New England,21,4,41,175,
Buffalo,24,-4,over,-205,
Full betting preview »,,,,,
,,,,,
1:00 PM EST,Score,Spread,Total,Money Line,
Minnesota,28,5.5,47,215,
Green Bay,22,-5.5,over,-255,
Full betting preview »,,,,,
,,,,,
1:00 PM EST,Score,Spread,Total,Money Line,
Tennessee,20,-7.5,49.5,-335,
Cincinnati,31,7.5,over,280,
Full betting preview »,,,,,
,,,,,
1:00 PM EST,Score,Spread,Total,Money Line,
LA Rams,17,-3.5,46.5,-180,
Miami,28,3.5,under,160,
Full betting preview »,,,,,
,,,,,
4:05 PM EST,Score,Spread,Total,Money Line,
LA Chargers,30,-3,44.5,-150,
Denver,31,3,over,130,
Full betting preview »,,,,,
,,,,,
4:25 PM EST,Score,Spread,Total,Money Line,
New Orleans,26,-5.5,41,-240,
Chicago,23,5.5,over,200,
Full betting preview »,,,,,
,,,,,
4:25 PM EST,Score,Spread,Total,Money Line,
San Francisco,27,1,54.5,-108,
Seattle,37,-1,over,-108,
Full betting preview »,,,,,
,,,,,
8:20 PM EST,Score,Spread,Total,Money Line,
Dallas,9,10,43,330,
Philadelphia,23,-10,under,-410,
Full betting preview »,,,,,
,,,,,
"Monday, November 2nd, 2020",,,,,
,,,,,
8:15 PM EST,Score,Spread,Total,Money Line,
Tampa Bay,25,-13,47,-665,
NY Giants,23,13,over,515,
Full betting preview »,,,,,
,,,,,
,,,,,
2020 NFL Week 9 Odds,,,,,
Latest OddsOdds History,,,,,
,,,,,
Division:                      ,,,,,
,,,,,
Team:                                                                                                                                                   ,,,,,
,,,,,
,,,,,
"Thursday, November 5th, 2020",,,,,
,,,,,
8:20 PM EST,Score,Spread,Total,Money Line,
Green Bay,34,-6,48.5,-260,
San Francisco,17,6,over,220,
Full betting preview »,,,,,
,,,,,
"Sunday, November 8th, 2020",,,,,
,,,,,
1:00 PM EST,Score,Spread,Total,Money Line,
Denver,27,4.5,50.5,189,
Atlanta,34,-4.5,over,-219,
Full betting preview »,,,,,
,,,,,
1:00 PM EST,Score,Spread,Total,Money Line,
Houston,27,-7,49,-310,
Jacksonville,25,7,over,260,
Full betting preview »,,,,,
,,,,,
1:00 PM EST,Score,Spread,Total,Money Line,
NY Giants,23,3,43.5,140,
Washington,20,-3,under,-160,
Full betting preview »,,,,,
,,,,,
1:00 PM EST,Score,Spread,Total,Money Line,
Carolina,31,10,51.5,420,
Kansas City,33,-10,over,-525,
Full betting preview »,,,,,
,,,,,
1:00 PM EST,Score,Spread,Total,Money Line,
Baltimore,24,1,47.5,-115,
Indianapolis,10,-1,under,-105,
Full betting preview »,,,,,
,,,,,
1:00 PM EST,Score,Spread,Total,Money Line,
Detroit,20,3,51.5,152,
Minnesota,34,-3,over,-172,
Full betting preview »,,,,,
,,,,,
1:00 PM EST,Score,Spread,Total,Money Line,
Seattle,34,-3,55.5,-167,
Buffalo,44,3,over,147,
Full betting preview »,,,,,
,,,,,
1:00 PM EST,Score,Spread,Total,Money Line,
Chicago,17,6.5,46.5,230,
Tennessee,24,-6.5,under,-275,
Full betting preview »,,,,,
,,,,,
4:05 PM EST,Score,Spread,Total,Money Line,
Las Vegas,31,-1,52.5,-115,
LA Chargers,26,1,over,-105,
Full betting preview »,,,,,
,,,,,
4:25 PM EST,Score,Spread,Total,Money Line,
Miami,34,6,49,210,
Arizona,31,-6,over,-250,
Full betting preview »,,,,,
,,,,,
4:25 PM EST,Score,Spread,Total,Money Line,
Pittsburgh,24,-14,44,-825,
Dallas,19,14,under,605,
Full betting preview »,,,,,
,,,,,
8:20 PM EST,Score,Spread,Total,Money Line,
New Orleans,38,3,51,158,
Tampa Bay,3,-3,under,-178,
Full betting preview »,,,,,
,,,,,
"Monday, November 9th, 2020",,,,,
,,,,,
8:15 PM EST,Score,Spread,Total,Money Line,
New England,30,-9,42,-430,
NY Jets,27,9,over,350,
Full betting preview »,,,,,
,,,,,
,,,,,
2020 NFL Week 10 Odds,,,,,
Latest OddsOdds History,,,,,
,,,,,
Division:                      ,,,,,
,,,,,
Team:                                                                                                                                                   ,,,,,
,,,,,
,,,,,
"Thursday, November 12th, 2020",,,,,
,,,,,
8:20 PM EST,Score,Spread,Total,Money Line,
Indianapolis,34,-1,49,-119,
Tennessee,17,1,over,-101,
Full betting preview »,,,,,
,,,,,
"Sunday, November 15th, 2020",,,,,
,,,,,
1:00 PM EST,Score,Spread,Total,Money Line,
Washington,27,2.5,45.5,114,
Detroit,30,-2.5,over,-134,
Full betting preview »,,,,,
,,,,,
1:00 PM EST,Score,Spread,Total,Money Line,
Tampa Bay,46,-6,49.5,-265,
Carolina,23,6,over,225,
Full betting preview »,,,,,
,,,,,
1:00 PM EST,Score,Spread,Total,Money Line,
Jacksonville,20,13.5,47.5,665,
Green Bay,24,-13.5,under,-913,
Full betting preview »,,,,,
,,,,,
1:00 PM EST,Score,Spread,Total,Money Line,
Philadelphia,17,-5,46.5,-226,
NY Giants,27,5,under,199,
Full betting preview »,,,,,
,,,,,
1:00 PM EST,Score,Spread,Total,Money Line,
Houston,7,4.5,46.5,190,
Cleveland,10,-4.5,under,-220,
Full betting preview »,,,,,
,,,,,
4:05 PM EST,Score,Spread,Total,Money Line,
Buffalo,30,3,56,135,
Arizona,32,-3,over,-150,
Full betting preview »,,,,,
,,,,,
4:05 PM EST,Score,Spread,Total,Money Line,
LA Chargers,21,1.5,49,117,
Miami,29,-1.5,over,-129,
Full betting preview »,,,,,
,,,,,
4:05 PM EST,Score,Spread,Total,Money Line,
Denver,12,3.5,50,166,
Las Vegas,37,-3.5,under,-186,
Full betting preview »,,,,,
,,,,,
4:25 PM EST,Score,Spread,Total,Money Line,
San Francisco,13,9.5,50,324,
New Orleans,27,-9.5,under,-388,
Full betting preview »,,,,,
,,,,,
4:25 PM EST,Score,Spread,Total,Money Line,
Cincinnati,10,6.5,46,238,
Pittsburgh,36,-6.5,push,-275,
Full betting preview »,,,,,
,,,,,
4:25 PM EST,Score,Spread,Total,Money Line,
Seattle,16,3,55,126,
LA Rams,23,-3,under,-148,
Full betting preview »,,,,,
,,,,,
8:20 PM EST,Score,Spread,Total,Money Line,
Baltimore,17,-7,44,-314,
New England,23,7,under,269,
Full betting preview »,,,,,
,,,,,
"Monday, November 16th, 2020",,,,,
,,,,,
8:15 PM EST,Score,Spread,Total,Money Line,
Minnesota,19,-3.5,44.5,-173,
Chicago,13,3.5,under,155,
Full betting preview »,,,,,
,,,,,
,,,,,
2020 NFL Week 11 Odds,,,,,
Latest OddsOdds History,,,,,
,,,,,
Division:                      ,,,,,
,,,,,
Team:                                                                                                                                                   ,,,,,
,,,,,
,,,,,
"Thursday, November 19th, 2020",,,,,
,,,,,
8:20 PM EST,Score,Spread,Total,Money Line,
Arizona,21,3,56.5,144,
Seattle,28,-3,under,-172,
Full betting preview »,,,,,
,,,,,
"Sunday, November 22nd, 2020",,,,,
,,,,,
1:00 PM EST,Score,Spread,Total,Money Line,
Detroit,0,-3,47,-172,
Carolina,20,3,under,144,
Full betting preview »,,,,,
,,,,,
1:00 PM EST,Score,Spread,Total,Money Line,
Philadelphia,17,2.5,45.5,115,
Cleveland,22,-2.5,under,-135,
Full betting preview »,,,,,
,,,,,
1:00 PM EST,Score,Spread,Total,Money Line,
Pittsburgh,27,-11,47.5,-520,
Jacksonville,3,11,under,400,
Full betting preview »,,,,,
,,,,,
1:00 PM EST,Score,Spread,Total,Money Line,
Cincinnati,9,2,48,103,
Washington,20,-2,under,-123,
Full betting preview »,,,,,
,,,,,
1:00 PM EST,Score,Spread,Total,Money Line,
Atlanta,9,3.5,49.5,162,
New Orleans,24,-3.5,under,-182,
Full betting preview »,,,,,
,,,,,
1:00 PM EST,Score,Spread,Total,Money Line,
New England,20,-2.5,49.5,-148,
Houston,27,2.5,under,128,
Full betting preview »,,,,,
,,,,,
1:00 PM EST,Score,Spread,Total,Money Line,
Tennessee,30,6,50.5,210,
Baltimore,24,-6,over,-250,
Full betting preview »,,,,,
,,,,,
4:05 PM EST,Score,Spread,Total,Money Line,
Miami,13,-4,46,-205,
Denver,20,4,under,175,
Full betting preview »,,,,,
,,,,,
4:05 PM EST,Score,Spread,Total,Money Line,
NY Jets,28,10,47,360,
LA Chargers,34,-10,over,-450,
Full betting preview »,,,,,
,,,,,
4:25 PM EST,Score,Spread,Total,Money Line,
Green Bay,31,1.5,52.5,101,
Indianapolis,34,-1.5,over,-121,
Full betting preview »,,,,,
,,,,,
4:25 PM EST,Score,Spread,Total,Money Line,
Dallas,31,7,49.5,250,
Minnesota,28,-7,over,-300,
Full betting preview »,,,,,
,,,,,
8:20 PM EST,Score,Spread,Total,Money Line,
Kansas City,35,-7.5,56.5,-360,
Las Vegas,31,7.5,over,290,
Full betting preview »,,,,,
,,,,,
"Monday, November 23rd, 2020",,,,,
,,,,,
8:15 PM EST,Score,Spread,Total,Money Line,
LA Rams,27,4,47,152,
Tampa Bay,24,-4,over,-188,
Full betting preview »,,,,,
,,,,,
,,,,,
2020 NFL Week 12 Odds,,,,,
Latest OddsOdds History,,,,,
,,,,,
Division:                      ,,,,,
,,,,,
Team:                                                                                                                                                   ,,,,,
,,,,,
,,,,,
"Thursday, November 26th, 2020",,,,,
,,,,,
12:30 PM EST,Score,Spread,Total,Money Line,
Houston,41,-3,52.5,-161,
Detroit,25,3,over,141,
Full betting preview »,,,,,
,,,,,
4:30 PM EST,Score,Spread,Total,Money Line,
Washington,41,2.5,46,120,
Dallas,16,-2.5,over,-140,
Full betting preview »,,,,,
,,,,,
"Sunday, November 29th, 2020",,,,,
,,,,,
1:00 PM EST,Score,Spread,Total,Money Line,
Las Vegas,6,-3.5,53,-183,
Atlanta,43,3.5,under,163,
Full betting preview »,,,,,
,,,,,
1:00 PM EST,Score,Spread,Total,Money Line,
NY Giants,19,-6.5,45,-280,
Cincinnati,17,6.5,under,235,
Full betting preview »,,,,,
,,,,,
1:00 PM EST,Score,Spread,Total,Money Line,
LA Chargers,17,4.5,51.5,185,
Buffalo,27,-4.5,under,-215,
Full betting preview »,,,,,
,,,,,
1:00 PM EST,Score,Spread,Total,Money Line,
Carolina,27,3,50,126,
Minnesota,28,-3,over,-146,
Full betting preview »,,,,,
,,,,,
1:00 PM EST,Score,Spread,Total,Money Line,
Cleveland,27,-7.5,48,-350,
Jacksonville,25,7.5,over,280,
Full betting preview »,,,,,
,,,,,
1:00 PM EST,Score,Spread,Total,Money Line,
Miami,20,-7.5,46.5,-360,
NY Jets,3,7.5,under,290,
Full betting preview »,,,,,
,,,,,
1:00 PM EST,Score,Spread,Total,Money Line,
Tennessee,45,3,51.5,125,
Indianapolis,26,-3,over,-145,
Full betting preview »,,,,,
,,,,,
1:00 PM EST,Score,Spread,Total,Money Line,
Arizona,17,-1,51,-125,
New England,20,1,under,105,
Full betting preview »,,,,,
,,,,,
4:05 PM EST,Score,Spread,Total,Money Line,
New Orleans,31,-17,36.5,-1600,
Denver,3,17,under,890,
Full betting preview »,,,,,
,,,,,
4:05 PM EST,Score,Spread,Total,Money Line,
San Francisco,23,5,45,190,
LA Rams,20,-5,under,-220,
Full betting preview »,,,,,
,,,,,
4:25 PM EST,Score,Spread,Total,Money Line,
Kansas City,27,-3.5,56,-170,
Tampa Bay,24,3.5,under,150,
Full betting preview »,,,,,
,,,,,
8:20 PM EST,Score,Spread,Total,Money Line,
Chicago,25,7.5,44,315,
Green Bay,41,-7.5,over,-385,
Full betting preview »,,,,,
,,,,,
"Monday, November 30th, 2020",,,,,
,,,,,
8:15 PM EST,Score,Spread,Total,Money Line,
Seattle,23,-6.5,50,-285,
Philadelphia,17,6.5,under,240,
Full betting preview »,,,,,
,,,,,
"Wednesday, December 2nd, 2020",,,,,
,,,,,
3:40 PM EST,Score,Spread,Total,Money Line,
Baltimore,14,10.5,41.5,445,
Pittsburgh,19,-10.5,under,-565,
Full betting preview »,,,,,
,,,,,
,,,,,
2020 NFL Week 13 Odds,,,,,
Latest OddsOdds History,,,,,
,,,,,
Division:                      ,,,,,
,,,,,
Team:                                                                                                                                                   ,,,,,
,,,,,
,,,,,
"Sunday, December 6th, 2020",,,,,
,,,,,
1:00 PM EST,Score,Spread,Total,Money Line,
Detroit,34,3,44,135,
Chicago,30,-3,over,-155,
Full betting preview »,,,,,
,,,,,
1:00 PM EST,Score,Spread,Total,Money Line,
Las Vegas,31,-7.5,48.5,-360,
NY Jets,28,7.5,over,290,
Full betting preview »,,,,,
,,,,,
1:00 PM EST,Score,Spread,Total,Money Line,
Indianapolis,26,-3.5,50,-178,
Houston,20,3.5,under,158,
Full betting preview »,,,,,
,,,,,
1:00 PM EST,Score,Spread,Total,Money Line,
Cleveland,41,4,54,180,
Tennessee,35,-4,over,-210,
Full betting preview »,,,,,
,,,,,
1:00 PM EST,Score,Spread,Total,Money Line,
New Orleans,21,-2.5,46.5,-143,
Atlanta,16,2.5,under,123,
Full betting preview »,,,,,
,,,,,
1:00 PM EST,Score,Spread,Total,Money Line,
Jacksonville,24,10.5,51.5,380,
Minnesota,27,-10.5,under,-470,
Full betting preview »,,,,,
,,,,,
1:00 PM EST,Score,Spread,Total,Money Line,
Cincinnati,7,10.5,43,440,
Miami,19,-10.5,under,-560,
Full betting preview »,,,,,
,,,,,
4:05 PM EST,Score,Spread,Total,Money Line,
NY Giants,17,11,48.5,485,
Seattle,12,-11,under,-625,
Full betting preview »,,,,,
,,,,,
4:05 PM EST,Score,Spread,Total,Money Line,
LA Rams,38,-2.5,49,-145,
Arizona,28,2.5,over,125,
Full betting preview »,,,,,
,,,,,
4:25 PM EST,Score,Spread,Total,Money Line,
New England,45,2,46.5,110,
LA Chargers,0,-2,under,-130,
Full betting preview »,,,,,
,,,,,
4:25 PM EST,Score,Spread,Total,Money Line,
Philadelphia,16,8,50,335,
Green Bay,30,-8,under,-415,
Full betting preview »,,,,,
,,,,,
8:20 PM EST,Score,Spread,Total,Money Line,
Denver,16,13,51.5,550,
Kansas City,22,-13,under,-750,
Full betting preview »,,,,,
,,,,,
"Monday, December 7th, 2020",,,,,
,,,,,
5:00 PM EST,Score,Spread,Total,Money Line,
Washington,23,5.5,44,217,
Pittsburgh,17,-5.5,under,-257,
Full betting preview »,,,,,
,,,,,
8:15 PM EST,Score,Spread,Total,Money Line,
Buffalo,34,1.5,48,110,
San Francisco,24,-1.5,over,-130,
Full betting preview »,,,,,
,,,,,
"Tuesday, December 8th, 2020",,,,,
,,,,,
8:05 PM EST,Score,Spread,Total,Money Line,
Dallas,17,8.5,46,360,
Baltimore,34,-8.5,over,-450,
Full betting preview »,,,,,
,,,,,
,,,,,
2020 NFL Week 14 Odds,,,,,
Latest OddsOdds History,,,,,
,,,,,
Division:                      ,,,,,
,,,,,
Team:                                                                                                                                                   ,,,,,
,,,,,
,,,,,
"Thursday, December 10th, 2020",,,,,
,,,,,
8:20 PM EST,Score,Spread,Total,Money Line,
New England,3,5,43.5,200,
LA Rams,24,-5,under,-240,
Full betting preview »,,,,,
,,,,,
"Sunday, December 13th, 2020",,,,,
,,,,,
1:00 PM EST,Score,Spread,Total,Money Line,
Dallas,30,-3,44,-160,
Cincinnati,7,3,under,140,
Full betting preview »,,,,,
,,,,,
1:00 PM EST,Score,Spread,Total,Money Line,
Minnesota,14,7,52,255,
Tampa Bay,26,-7,under,-305,
Full betting preview »,,,,,
,,,,,
1:00 PM EST,Score,Spread,Total,Money Line,
Houston,7,-1,46.5,-115,
Chicago,36,1,under,-105,
Full betting preview »,,,,,
,,,,,
1:00 PM EST,Score,Spread,Total,Money Line,
Arizona,26,-3,47.5,-160,
NY Giants,7,3,under,140,
Full betting preview »,,,,,
,,,,,
1:00 PM EST,Score,Spread,Total,Money Line,
Denver,32,4,46.5,176,
Carolina,27,-4,over,-206,
Full betting preview »,,,,,
,,,,,
1:00 PM EST,Score,Spread,Total,Money Line,
Tennessee,31,-7.5,52.5,-364,
Jacksonville,10,7.5,under,307,
Full betting preview »,,,,,
,,,,,
1:00 PM EST,Score,Spread,Total,Money Line,
Kansas City,33,-7.5,52,-350,
Miami,27,7.5,over,280,
Full betting preview »,,,,,
,,,,,
4:05 PM EST,Score,Spread,Total,Money Line,
Indianapolis,44,-2.5,52,-135,
Las Vegas,27,2.5,over,115,
Full betting preview »,,,,,
,,,,,
4:05 PM EST,Score,Spread,Total,Money Line,
NY Jets,3,16.5,50.5,775,
Seattle,40,-16.5,under,-1250,
Full betting preview »,,,,,
,,,,,
4:25 PM EST,Score,Spread,Total,Money Line,
Green Bay,31,-9.5,55.5,-385,
Detroit,24,9.5,under,315,
Full betting preview »,,,,,
,,,,,
4:25 PM EST,Score,Spread,Total,Money Line,
New Orleans,21,-7.5,43,-400,
Philadelphia,24,7.5,over,320,
Full betting preview »,,,,,
,,,,,
4:25 PM EST,Score,Spread,Total,Money Line,
Atlanta,17,1,49.5,-102,
LA Chargers,20,-1,under,-118,
Full betting preview »,,,,,
,,,,,
4:25 PM EST,Score,Spread,Total,Money Line,
Washington,23,3,43.5,125,
San Francisco,15,-3,under,-145,
Full betting preview »,,,,,
,,,,,
8:20 PM EST,Score,Spread,Total,Money Line,
Pittsburgh,15,2,48.5,102,
Buffalo,26,-2,under,-122,
Full betting preview »,,,,,
,,,,,
"Monday, December 14th, 2020",,,,,
,,,,,
8:15 PM EST,Score,Spread,Total,Money Line,
Baltimore,47,-3,46,-172,
Cleveland,42,3,over,152,
Full betting preview »,,,,,
,,,,,
,,,,,
2020 NFL Week 15 Odds,,,,,
Latest OddsOdds History,,,,,
,,,,,
Division:                      ,,,,,
,,,,,
Team:                                                                                                                                                   ,,,,,
,,,,,
,,,,,
"Thursday, December 17th, 2020",,,,,
,,,,,
8:20 PM EST,Score,Spread,Total,Money Line,
LA Chargers,30,3.5,52.5,156,
Las Vegas,27,-3.5,over,-174,
Full betting preview »,,,,,
,,,,,
"Saturday, December 19th, 2020",,,,,
,,,,,
4:30 PM EST,Score,Spread,Total,Money Line,
Buffalo,48,-6,48,-246,
Denver,19,6,over,216,
Full betting preview »,,,,,
,,,,,
8:15 PM EST,Score,Spread,Total,Money Line,
Carolina,16,9.5,53,346,
Green Bay,24,-9.5,under,-418,
Full betting preview »,,,,,
,,,,,
"Sunday, December 20th, 2020",,,,,
,,,,,
1:00 PM EST,Score,Spread,Total,Money Line,
Chicago,33,2.5,47.5,137,
Minnesota,27,-2.5,over,-152,
Full betting preview »,,,,,
,,,,,
1:00 PM EST,Score,Spread,Total,Money Line,
Houston,20,7.5,52.5,311,
Indianapolis,27,-7.5,under,-370,
Full betting preview »,,,,,
,,,,,
1:00 PM EST,Score,Spread,Total,Money Line,
Jacksonville,14,13,49,564,
Baltimore,40,-13,over,-746,
Full betting preview »,,,,,
,,,,,
1:00 PM EST,Score,Spread,Total,Money Line,
Seattle,20,-6,44.5,-251,
Washington,15,6,under,219,
Full betting preview »,,,,,
,,,,,
1:00 PM EST,Score,Spread,Total,Money Line,
Tampa Bay,31,-6,49.5,-258,
Atlanta,27,6,over,225,
Full betting preview »,,,,,
,,,,,
1:00 PM EST,Score,Spread,Total,Money Line,
New England,12,-1.5,40.5,-120,
Miami,22,1.5,under,109,
Full betting preview »,,,,,
,,,,,
1:00 PM EST,Score,Spread,Total,Money Line,
San Francisco,33,-4,46,-202,
Dallas,41,4,over,180,
Full betting preview »,,,,,
,,,,,
1:00 PM EST,Score,Spread,Total,Money Line,
Detroit,25,9.5,54.5,325,
Tennessee,46,-9.5,over,-389,
Full betting preview »,,,,,
,,,,,
4:05 PM EST,Score,Spread,Total,Money Line,
NY Jets,23,17.5,44.5,957,
LA Rams,20,-17.5,under,-1601,
Full betting preview »,,,,,
,,,,,
4:05 PM EST,Score,Spread,Total,Money Line,
Philadelphia,26,6.5,49.5,226,
Arizona,33,-6.5,over,-259,
Full betting preview »,,,,,
,,,,,
4:25 PM EST,Score,Spread,Total,Money Line,
Kansas City,32,-2.5,54,-134,
New Orleans,29,2.5,over,121,
Full betting preview »,,,,,
,,,,,
8:20 PM EST,Score,Spread,Total,Money Line,
Cleveland,20,-6,45,-265,
NY Giants,6,6,under,231,
Full betting preview »,,,,,
,,,,,
"Monday, December 21st, 2020",,,,,
,,,,,
8:15 PM EST,Score,Spread,Total,Money Line,
Pittsburgh,17,-14.5,40.5,-942,
Cincinnati,27,14.5,over,683,
Full betting preview »,,,,,
,,,,,
,,,,,
2020 NFL Week 16 Odds,,,,,
Latest OddsOdds History,,,,,
,,,,,
Division:                      ,,,,,
,,,,,
Team:                                                                                                                                                   ,,,,,
,,,,,
,,,,,
"Friday, December 25th, 2020",,,,,
,,,,,
4:30 PM EST,Score,Spread,Total,Money Line,
Minnesota,33,6.5,48.5,262,
New Orleans,52,-6.5,over,-306,
Full betting preview »,,,,,
,,,,,
"Saturday, December 26th, 2020",,,,,
,,,,,
1:00 PM EST,Score,Spread,Total,Money Line,
Tampa Bay,47,-12,55,-586,
Detroit,7,12,under,452,
Full betting preview »,,,,,
,,,,,
4:30 PM EST,Score,Spread,Total,Money Line,
San Francisco,20,6,49,215,
Arizona,12,-6,under,-260,
Full betting preview »,,,,,
,,,,,
8:15 PM EST,Score,Spread,Total,Money Line,
Miami,26,-2,50.5,-123,
Las Vegas,25,2,over,111,
Full betting preview »,,,,,
,,,,,
"Sunday, December 27th, 2020",,,,,
,,,,,
1:00 PM EST,Score,Spread,Total,Money Line,
Atlanta,14,11,54,408,
Kansas City,17,-11,under,-506,
Full betting preview »,,,,,
,,,,,
1:00 PM EST,Score,Spread,Total,Money Line,
Cleveland,16,-6.5,45,-302,
NY Jets,23,6.5,under,260,
Full betting preview »,,,,,
,,,,,
1:00 PM EST,Score,Spread,Total,Money Line,
Indianapolis,24,-1,43.5,-106,
Pittsburgh,28,1,over,-104,
Full betting preview »,,,,,
,,,,,
1:00 PM EST,Score,Spread,Total,Money Line,
NY Giants,13,10,43,332,
Baltimore,27,-10,under,-399,
Full betting preview »,,,,,
,,,,,
1:00 PM EST,Score,Spread,Total,Money Line,
Cincinnati,37,7.5,46,276,
Houston,31,-7.5,over,-324,
Full betting preview »,,,,,
,,,,,
1:00 PM EST,Score,Spread,Total,Money Line,
Chicago,41,-9.5,47,-452,
Jacksonville,17,9.5,over,370,
Full betting preview »,,,,,
,,,,,
4:05 PM EST,Score,Spread,Total,Money Line,
Carolina,20,-1,41.5,-112,
Washington,13,1,under,101,
Full betting preview »,,,,,
,,,,,
4:05 PM EST,Score,Spread,Total,Money Line,
Denver,16,2.5,47.5,113,
LA Chargers,19,-2.5,under,-125,
Full betting preview »,,,,,
,,,,,
4:25 PM EST,Score,Spread,Total,Money Line,
LA Rams,9,1.5,47.5,116,
Seattle,20,-1.5,under,-128,
Full betting preview »,,,,,
,,,,,
4:25 PM EST,Score,Spread,Total,Money Line,
Philadelphia,17,-3,50,-166,
Dallas,37,3,over,149,
Full betting preview »,,,,,
,,,,,
8:20 PM EST,Score,Spread,Total,Money Line,
Tennessee,14,3,52.5,157,
Green Bay,40,-3,over,-176,
Full betting preview »,,,,,
,,,,,
"Monday, December 28th, 2020",,,,,
,,,,,
8:15 PM EST,Score,Spread,Total,Money Line,
Buffalo,38,-7,47.5,-313,
New England,9,7,under,268,
Full betting preview »,,,,,
,,,,,
,,,,,
2020 NFL Week 17 Odds,,,,,
Latest OddsOdds History,,,,,
,,,,,
Division:                      ,,,,,
,,,,,
Team:                                                                                                                                                   ,,,,,
,,,,,
,,,,,
"Sunday, January 3rd, 2021",,,,,
,,,,,
1:00 PM EST,Score,Spread,Total,Money Line,
Miami,26,-3.5,43,-184,
Buffalo,56,3.5,over,154,
Full betting preview »,,,,,
,,,,,
1:00 PM EST,Score,Spread,Total,Money Line,
NY Jets,14,3,41,138,
New England,28,-3,over,-164,
Full betting preview »,,,,,
,,,,,
1:00 PM EST,Score,Spread,Total,Money Line,
Dallas,19,-1.5,44.5,-134,
NY Giants,23,1.5,under,114,
Full betting preview »,,,,,
,,,,,
1:00 PM EST,Score,Spread,Total,Money Line,
Pittsburgh,22,10.5,44.5,385,
Cleveland,24,-10.5,over,-500,
Full betting preview »,,,,,
,,,,,
1:00 PM EST,Score,Spread,Total,Money Line,
Baltimore,38,-13.5,46,-950,
Cincinnati,3,13.5,under,610,
Full betting preview »,,,,,
,,,,,
1:00 PM EST,Score,Spread,Total,Money Line,
Minnesota,37,-3,53.5,-172,
Detroit,35,3,over,144,
Full betting preview »,,,,,
,,,,,
1:00 PM EST,Score,Spread,Total,Money Line,
Atlanta,27,7.5,51.5,260,
Tampa Bay,44,-7.5,over,-320,
Full betting preview »,,,,,
,,,,,
4:25 PM EST,Score,Spread,Total,Money Line,
Green Bay,35,-4.5,48,-220,
Chicago,16,4.5,over,184,
Full betting preview »,,,,,
,,,,,
4:25 PM EST,Score,Spread,Total,Money Line,
Jacksonville,14,15.5,47.5,810,
Indianapolis,28,-15.5,under,-1350,
Full betting preview »,,,,,
,,,,,
4:25 PM EST,Score,Spread,Total,Money Line,
New Orleans,33,-6,47,-275,
Carolina,7,6,under,225,
Full betting preview »,,,,,
,,,,,
4:25 PM EST,Score,Spread,Total,Money Line,
Arizona,7,1,42,-102,
LA Rams,18,-1,under,-116,
Full betting preview »,,,,,
,,,,,
4:25 PM EST,Score,Spread,Total,Money Line,
Las Vegas,32,-2.5,50.5,-148,
Denver,31,2.5,over,126,
Full betting preview »,,,,,
,,,,,
4:25 PM EST,Score,Spread,Total,Money Line,
LA Chargers,38,-7,43,-295,
Kansas City,21,7,over,240,
Full betting preview »,,,,,
,,,,,
4:25 PM EST,Score,Spread,Total,Money Line,
Tennessee,41,-7,55.5,-310,
Houston,38,7,over,250,
Full betting preview »,,,,,
,,,,,
4:25 PM EST,Score,Spread,Total,Money Line,
Seattle,26,-7,44.5,-330,
San Francisco,23,7,over,265,
Full betting preview »,,,,,
,,,,,
8:20 PM EST,Score,Spread,Total,Money Line,
Washington,20,-6.5,44,-290,
Philadelphia,14,6.5,under,235,
Full betting preview »,,,,,
